{
  "project_name": "FocusPomodoro",
  "timebox_hours": 64,
  "quality_notes": "UI-only 금지; ±1초 허용",
  "north_star_metric": "weekly_consecutive_use_ratio",
  "job1_when": "25분 집중을 끝냈을 때",
  "job1_want": "메모를 남기고 카테고리를 지정하고 싶다",
  "job1_why": "공부 기록/패턴을 추적하려고",
  "job2_when": "60초 미만으로 중단했을 때",
  "job2_want": "기록을 만들지 않도록",
  "job2_why": "통계를 신뢰하려고",
  "job3_when": "세션이 일→월을 넘길 때",
  "job3_want": "시작한 날로 집계되길",
  "job3_why": "주간 통계를 일관되게 유지하려고",
  "in_scope_items": "25/5 타이머; 일시정지/재개/리셋; 메모+카테고리; 주간 HH:MM + Top1; 백그라운드/복귀; 알림 거부 내성",
  "out_scope_items": "동기화, 소셜, 로그인",
  "primary_flow": "타이머",
  "secondary_flow": "기록",
  "outcome_view": "주간 통계",
  "copy_start": "첫 25분, 지금 시작해요.",
  "copy_under_minute": "이번 건 기록하지 않았어요. 다음 25분에서 만나요.",
  "copy_complete": "좋았어요. 방금 25분이 내일을 바꿉니다.",
  "copy_notify_denied": "알림을 켤 수 없었어요. 타이머는 계속 이어집니다.",
  "ask_gates": "외부 의존, OUT 위반",
  "recordable_rule": ">= 60초",
  "start_day_rule": "세션 시작일 기준(월요일 주 시작)",
  "session_types": "focus/break; break은 표시 전용",
  "time_rules": "시스템 타임존; 월요일 시작 ISO 주",
  "session_types_rule": "focus(25m), break(5m)",
  "record_creation_rule": "duration >= 60s이고 focus일 때만 생성",
  "week_baseline_rule": "월요일 시작",
  "category_sort_rule": "lastUsedAt desc → createdAt desc → name asc",
  "monday_start_bool": true,
  "recordable_operator": ">=",
  "recordable_threshold_sec": 60,
  "timing_tolerance_sec": 1,
  "file_limit": 12,
  "dir_limit": 5,
  "file_map_outline": "TRD 타깃 맵 참조",
  "accessibility_ids_list": "timer_label,start_button,pause_button,resume_button,reset_button,finish_button,note_field,category_picker,stats_total_label,stats_top_category_label",
  "focus_env_key": "FOCUS_SEC_FOR_TEST",
  "focus_env_value": 10,
  "break_env_key": "BREAK_SEC_FOR_TEST",
  "break_env_value": 3,
  "primary_simulator": "iPhone 15",
  "fallback_simulator": "Any iOS Simulator Device",
  "device_rule": "기본 혹은 Any iOS Simulator Device",
  "locale_calendar_rule": "ISO8601 월요일 시작",
  "wait_secs": 3,
  "stop_secs": 45,
  "boundary_rule": "시작일 기준 집계",
  "weekly_rule": "월~일, HH:MM + Top1",
  "boundary_start_desc": "일요일 23:50",
  "boundary_end_desc": "월요일 00:15",
  "reports_dir": "reports"
}
